Date,Category,Net worth,Assets,Real estate,Consumer durables,Corporate equities and mutual fund shares,DB pension entitlements,DC pension entitlements,Private businesses,Other assets,Liabilities,Home mortgages,Consumer credit,Other liabilities
1989:Q3,White,18459216,21042899,5993921,1643421,1985007,2980135,916533,2620258,4903623,2583683,1827105,620288,136290
1989:Q3,Black,826424,1010925,338491,110871,16871,316289,54239,38461,135703,184501,104575,78235,1691
1989:Q3,Hispanic,422035,625281,263047,67260,14521,94830,20965,56478,108180,203246,142196,46589,14461
1989:Q3,Other,728109,909452,297710,74628,46796,91075,22286,254426,122532,181343,137278,39095,4970
1989:Q4,White,18764843,21401442,6073636,1659048,2040936,3049571,950824,2632964,4994463,2636598,1862248,638309,136041
1989:Q4,Black,846166,1040114,341161,117354,18177,324870,58214,43211,137127,193947,109944,81840,2163
1989:Q4,Hispanic,437355,647585,270906,69455,15128,97778,22121,61697,110499,210229,147597,48865,13767
1989:Q4,Other,765340,952108,308613,79726,50552,94848,25076,258955,134338,186768,140792,40272,5704
1990:Q1,White,18772569,21458035,6081712,1690547,1924210,3108348,958669,2639868,5054681,2685465,1919692,625417,140356
1990:Q1,Black,861504,1059116,342334,119719,18370,332277,59345,47836,139235,197611,117050,77807,2754
1990:Q1,Hispanic,444759,661176,273375,73040,14730,99785,22494,66580,111172,216418,153465,49842,13111
1990:Q1,Other,789465,980358,315563,83677,48714,97532,26832,262109,145930,190893,145192,39254,6447
1990:Q2,White,18997073,21736799,6141297,1703862,1989369,3172622,983484,2656549,5089615,2739725,1968927,630372,140426
1990:Q2,Black,879961,1083505,342197,125991,19807,340464,62611,52911,139525,203544,121990,78360,3194
1990:Q2,Hispanic,453452,673184,276701,74238,15201,101361,23278,71548,110857,219731,156712,50810,12209
1990:Q2,Other,822632,1017242,324967,88296,52489,100161,29293,264541,157495,194610,148287,39171,7152
1990:Q3,White,18851626,21636426,6200830,1724288,1652770,3229349,969193,2676983,5183012,2784800,2010202,640910,133688
1990:Q3,Black,888497,1099197,348244,124712,18479,347866,61149,58234,140513,210700,127215,80150,3335
1990:Q3,Hispanic,459592,681929,280516,76413,13414,102137,22733,76393,110322,222337,159429,51931,10977
1990:Q3,Other,837825,1035342,333135,90741,43039,101889,29992,266088,170458,197517,150419,39311,7787
1990:Q4,White,19244954,22076156,6184660,1741899,1856373,3290051,1007493,2684249,5311430,2831201,2042720,650472,138009
1990:Q4,Black,904648,1123462,349294,125856,20981,355865,65787,63201,142478,218815,133337,81483,3995
1990:Q4,Hispanic,463054,688422,279625,77719,14494,102501,23506,80573,110005,225368,162140,53149,10079
1990:Q4,Other,863355,1062775,332817,93568,51014,103484,32849,266204,182839,199420,151614,39287,8519
1991:Q1,White,19673231,22524180,6190994,1760197,2152069,3351114,1055598,2666726,5347483,2850950,2075157,634835,140958
1991:Q1,Black,928822,1148927,347192,131885,24143,364026,71543,67392,142747,220105,138840,76740,4525
1991:Q1,Hispanic,462931,688661,275782,78254,15935,102381,24364,83716,108229,225729,163502,53146,9081
1991:Q1,Other,891788,1090684,333435,97448,62118,104726,36040,264574,192342,198896,152193,37486,9217
1991:Q2,White,19719636,22623242,6238977,1771972,2134858,3416051,1075500,2663086,5322798,2903606,2128405,635475,139726
1991:Q2,Black,946166,1171777,351252,133537,25181,372764,74221,72237,142585,225611,144515,76174,4922
1991:Q2,Hispanic,461293,686468,274709,78264,15659,101921,24422,86981,104512,225175,164180,53087,7908
1991:Q2,Other,909903,1109837,337873,99925,62652,105864,37998,262675,202850,199934,153550,36570,9814
1991:Q3,White,19995464,22941857,6297624,1791408,2284056,3480516,1114409,2649840,5324004,2946392,2159271,638327,148794
1991:Q3,Black,971717,1197956,357692,131773,27405,381555,79149,76887,143495,226238,143880,76596,5762
1991:Q3,Hispanic,466071,684212,272338,78969,16150,101027,24851,89659,101218,218141,159000,52041,7100
1991:Q3,Other,935812,1134172,342736,101325,68633,106630,40666,259761,214421,198360,152352,35535,10473
1991:Q4,White,20528127,23548251,6356321,1802555,2693804,3546526,1162131,2622833,5364082,3020124,2210489,650018,159617
1991:Q4,Black,995880,1229252,361632,133227,31400,390633,85216,81200,145943,233371,147822,78875,6674
1991:Q4,Hispanic,465197,680217,268676,78313,17783,99799,25404,91647,98595,215021,157029,51643,6349
1991:Q4,Other,964041,1162753,343956,103352,83211,107175,43607,255805,225646,198712,152539,35044,11129
1992:Q1,White,20515177,23568070,6422703,1811541,2637444,3637080,1165967,2605715,5287621,3052894,2259326,635980,157588
1992:Q1,Black,1024186,1253310,364247,137762,32321,402724,86132,86064,144060,229124,146711,75399,7014
1992:Q1,Hispanic,460720,665724,262425,76928,17109,98956,24729,93645,91933,205004,150586,49291,5127
1992:Q1,Other,978154,1174159,345171,105973,81876,109015,44599,251677,235847,196006,151652,32683,11671
1992:Q2,White,20588585,23691744,6477394,1826942,2638883,3722338,1189263,2596469,5240454,3103159,2300717,637843,164599
1992:Q2,Black,1053208,1282777,367670,142038,33665,413815,89468,91420,144702,229569,146132,75665,7772
1992:Q2,Hispanic,461382,657507,256279,75914,16663,100619,24509,95588,87934,196125,144311,47557,4257
1992:Q2,Other,999733,1193323,346710,108327,82327,117762,46327,247360,244509,193590,150084,31267,12239
1992:Q3,White,20917004,24081754,6580968,1848682,2758407,3807620,1227427,2602997,5255654,3164750,2352263,647240,165247
1992:Q3,Black,1072999,1310178,372936,138537,35832,424975,94619,97570,145709,237179,151719,77185,8275
1992:Q3,Hispanic,466325,658942,257951,75884,16690,101859,24553,97675,84330,192617,142409,47019,3189
1992:Q3,Other,1028892,1221570,352133,108621,86492,126026,48542,243128,256627,192678,149486,30489,12703
1992:Q4,White,21486166,24713118,6669578,1872608,3116162,3887056,1270663,2613101,5283950,3226952,2393064,665871,168017
1992:Q4,Black,1085269,1328109,380206,136678,38229,434835,96594,93284,148283,242840,155647,79233,7960
1992:Q4,Hispanic,469565,661500,254090,75972,17980,106220,29475,91039,86724,191935,141497,47408,3030
1992:Q4,Other,1047087,1241934,348330,108210,98872,144106,51816,232841,257759,194847,150694,32257,11896
1993:Q1,White,21783788,25028410,6707889,1877661,3235291,3933209,1328365,2668456,5277539,3244622,2412045,654610,177967
1993:Q1,Black,1105585,1342999,376241,145355,39067,440735,100166,90463,150971,237414,155384,74044,7986
1993:Q1,Hispanic,465032,651919,244512,73470,18179,109195,34179,85473,86911,186887,137302,46471,3114
1993:Q1,Other,1057746,1251009,341463,110127,103162,159476,55413,223469,257899,193263,149973,32137,11153
1993:Q2,White,22042037,25345629,6806572,1909920,3299475,3980589,1360906,2721760,5266407,3303592,2459006,664884,179702
1993:Q2,Black,1113124,1355551,383967,143353,39550,446719,100732,87353,153878,242427,161020,73774,7633
1993:Q2,Hispanic,469909,656545,246834,73823,18110,111812,37902,79827,88236,186636,137057,46661,2918
1993:Q2,Other,1065029,1259956,342714,109350,105487,174324,57856,213779,256446,194927,151263,33343,10321
1993:Q3,White,22441735,25818236,6912835,1943696,3461202,4030801,1401926,2787172,5280604,3376501,2500493,684634,191374
1993:Q3,Black,1116887,1368382,392744,139943,40645,452926,102308,84476,155340,251496,168176,75571,7749
1993:Q3,Hispanic,469088,657097,244813,74205,18385,114190,41462,74514,89528,188009,137594,47372,3043
1993:Q3,Other,1077698,1274642,345628,108223,110665,188812,60505,204246,256563,196944,152270,35091,9583
1993:Q4,White,22869623,26327623,7022017,1977942,3633399,4077558,1426384,2844486,5345837,3458000,2538550,719395,200055
1993:Q4,Black,1117624,1378935,397238,141922,41787,458551,101785,81064,156589,261311,172283,81314,7714
1993:Q4,Hispanic,467610,654688,241716,74088,18664,116279,44311,69120,90510,187078,136092,47919,3067
1993:Q4,Other,1087313,1286436,345772,108297,115971,202697,62387,194467,256846,199123,152750,37542,8831
1994:Q1,White,23016803,26506583,7107326,1996772,3473075,4126745,1438750,2918892,5445023,3489780,2565747,719674,204359
1994:Q1,Black,1121753,1384202,395384,147523,40801,464238,99803,78078,158375,262449,176617,78292,7540
1994:Q1,Hispanic,460279,645931,235026,72642,17747,118332,46684,64278,91222,185651,134847,47840,2964
1994:Q1,Other,1093787,1292734,344633,109221,111268,216441,63774,185148,262250,198948,152741,38069,8138
1994:Q2,White,23192320,26757808,7207220,2028979,3396353,4174115,1467599,3002862,5480680,3565488,2608085,747967,209436
1994:Q2,Black,1123393,1393291,400796,148840,40317,469422,99589,75243,159084,269898,180074,82375,7449
1994:Q2,Hispanic,461492,645890,235141,72494,17187,120385,49206,59848,91629,184398,133376,48126,2896
1994:Q2,Other,1102238,1303422,347306,109301,109258,229986,65717,176182,265672,201184,153581,40112,7491
1994:Q3,White,23543868,27186497,7304719,2068106,3462965,4225073,1515032,3070115,5540488,3642630,2650221,781207,211202
1994:Q3,Black,1125379,1404109,407688,146457,40720,474685,101516,71538,161505,278730,184017,87575,7138
1994:Q3,Hispanic,462293,646355,232559,73167,17178,122697,52057,55291,93406,184062,132621,48702,2739
1994:Q3,Other,1114123,1318076,348675,108785,111620,243801,68388,167028,269780,203954,154685,42469,6800
1994:Q4,White,23745094,27490594,7368065,2096733,3424606,4270071,1505307,3136232,5689580,3745500,2691876,829319,224305
1994:Q4,Black,1113703,1404612,413573,145304,40418,478835,96745,67568,162168,290908,186804,96605,7499
1994:Q4,Hispanic,465721,649992,234559,73312,16880,125236,53777,50976,95252,184270,131788,49558,2924
1994:Q4,Other,1117611,1325550,345599,108787,111162,257640,69085,158110,275167,207939,155975,45686,6278
1995:Q1,White,24226343,27999624,7419032,2130454,3642197,4327851,1572196,3190898,5716997,3773281,2715609,833675,223997
1995:Q1,Black,1123804,1414144,413711,146714,41703,484017,100712,62917,164370,290340,188823,94336,7181
1995:Q1,Hispanic,474317,658220,236364,73897,17506,128546,57164,46690,98052,183903,131254,49901,2748
1995:Q1,Other,1137221,1346274,346096,109631,118301,272654,72672,149223,277697,209052,156750,46634,5668
1995:Q2,White,24768683,28614126,7500561,2160619,3881913,4415137,1646415,3249091,5760390,3845443,2751895,864227,229321
1995:Q2,Black,1123494,1423392,420731,139372,43059,489313,105515,58192,167211,299898,194332,98284,7282
1995:Q2,Hispanic,478263,666025,237402,75293,18290,129649,60980,42741,101670,187762,133579,51429,2754
1995:Q2,Other,1141603,1355007,349614,109048,126377,267944,76796,140725,284503,213404,159030,49186,5188
1995:Q3,White,25191307,29129757,7414914,2184821,4177678,4497425,1730830,3323670,5800420,3938450,2794419,900481,243550
1995:Q3,Black,1111846,1421414,417062,134150,44680,493359,111123,53945,167095,309568,197915,103822,7831
1995:Q3,Hispanic,485194,677222,239845,76720,19370,131573,65334,39386,104994,192028,135932,53072,3024
1995:Q3,Other,1136172,1355258,341316,109334,136492,263992,81486,132923,289715,219085,162072,52224,4789
1995:Q4,White,25855587,29872732,7477164,2208746,4502254,4592381,1801602,3360678,5929906,4017145,2820727,950564,245854
1995:Q4,Black,1118966,1437662,423027,134746,51852,486767,113854,55329,172087,318696,201668,109094,7934
1995:Q4,Hispanic,501798,694662,241085,77181,23395,135343,66461,42005,109192,192863,134842,54654,3367
1995:Q4,Other,1122616,1346369,347972,108633,140570,251870,84652,138508,274164,223754,163270,53848,6636
1996:Q1,White,26365681,30443693,7569775,2237546,4659479,4681904,1869647,3381947,6043395,4078012,2867324,951321,259367
1996:Q1,Black,1129623,1447182,423509,137732,57762,479028,116211,55998,176942,317559,208483,101932,7144
1996:Q1,Hispanic,519240,715659,243333,78301,27053,140018,67853,44607,114495,196420,136627,55923,3870
1996:Q1,Other,1112637,1339940,354045,108864,140589,240204,88187,144263,263788,227303,166426,53031,7846
1996:Q2,White,26806404,30967604,7660422,2256815,4846270,4770064,1914590,3411674,6107769,4161200,2913671,982330,265199
1996:Q2,Black,1129719,1451098,429477,134193,63637,470783,115918,56958,180132,321379,211501,102639,7239
1996:Q2,Hispanic,540438,739738,247013,79809,31022,145589,69075,47720,119511,199301,137277,57601,4423
1996:Q2,Other,1105021,1338562,363897,108000,141970,228879,91339,150718,253760,233541,169758,54009,9774
1996:Q3,White,27069153,31311466,7744012,2282051,4853648,4856137,1968861,3437840,6168917,4242313,2962559,1012186,267568
1996:Q3,Black,1131155,1455463,432268,133320,68126,462106,116611,57734,185299,324308,214460,103049,6799
1996:Q3,Hispanic,570106,773187,257393,81868,34568,151943,70647,51066,125702,203081,138668,59545,4868
1996:Q3,Other,1099889,1340187,374420,107936,138669,217583,95175,157521,248882,240298,173676,55067,11555
1996:Q4,White,27692889,32015527,7815937,2298630,5084625,4926392,2113644,3506004,6270295,4322639,3002698,1049920,270021
1996:Q4,Black,1141727,1470390,428673,136921,73912,451581,127158,60118,192026,328662,217671,105155,5836
1996:Q4,Hispanic,600257,808203,265575,83360,39182,158694,73651,55657,132084,207947,140730,62111,5106
1996:Q4,Other,1098826,1346045,378920,109018,142009,205354,102242,165701,242801,247218,177532,56692,12994
1997:Q1,White,27900651,32254590,7879090,2322717,5124902,5013562,2133883,3583307,6197128,4353938,3033418,1038720,281800
1997:Q1,Black,1147701,1468128,424481,138844,78254,443094,124178,62793,196484,320427,217899,96408,6120
1997:Q1,Hispanic,631893,842716,273002,85657,43282,166367,74788,60750,138870,210822,141317,63409,6096
1997:Q1,Other,1098559,1350213,387015,109825,140069,193695,105559,174393,239657,251654,180815,55638,15201
1997:Q2,White,29138106,33568370,7984160,2335709,5915534,5114076,2338192,3638205,6242493,4430264,3075702,1060567,293995
1997:Q2,Black,1173075,1494803,429052,134315,87653,436347,141708,64577,201151,321728,220388,95213,6127
1997:Q2,Hispanic,672669,888971,283951,87912,50795,174781,79613,65582,146337,216302,143475,65796,7031
1997:Q2,Other,1119284,1378014,398006,109029,160007,182320,115732,182720,230200,258730,185021,56461,17248
1997:Q3,White,30034617,34562647,8078787,2358886,6374487,5209428,2502834,3705195,6333030,4528030,3144519,1085173,298338
1997:Q3,Black,1187362,1513151,430822,131762,94739,429365,154779,66812,204871,325789,225993,94671,5125
1997:Q3,Hispanic,712963,936258,296011,90745,57255,183413,83639,70901,154294,223295,147821,68502,6972
1997:Q3,Other,1126615,1393517,407699,108600,170506,170109,124625,191420,220557,266901,190947,57458,18496
1997:Q4,White,30515245,35123864,8183408,2377885,6518937,5289284,2504756,3814826,6434768,4608619,3180312,1118429,309878
1997:Q4,Black,1190330,1516653,427941,137468,99709,421118,149992,70622,209803,326323,224577,96396,5350
1997:Q4,Hispanic,750136,976314,305550,92557,62554,191869,84051,77411,162322,226178,147248,70574,8356
1997:Q4,Other,1120807,1394754,413390,110051,171691,156349,127636,201160,214478,273947,194222,58766,20959
1998:Q1,White,32016064,36672040,8327168,2399145,7427170,5413754,2720764,3848374,6535664,4655976,3229931,1106375,319670
1998:Q1,Black,1230288,1549591,430301,136347,109907,418472,168948,71697,213920,319303,225484,88634,5185
1998:Q1,Hispanic,796787,1025514,317200,95033,71538,201309,88963,82140,169331,228726,147837,71588,9301
1998:Q1,Other,1144630,1423288,425001,109536,195425,144515,138448,208753,201609,278658,198192,57446,23020
1998:Q2,White,32649295,37412340,8531056,2423589,7576898,5513337,2753768,3924820,6688872,4763045,3293040,1143158,326847
1998:Q2,Black,1237270,1565052,436950,137464,115155,415797,168058,74415,217213,327782,231919,91060,4803
1998:Q2,Hispanic,835129,1071261,329871,97370,77140,213083,89770,87919,176108,236132,151673,74621,9838
1998:Q2,Other,1153616,1440400,440168,109285,196231,148032,142519,217098,187067,286783,203070,58906,24807
1998:Q3,White,32045119,36899422,8725113,2458682,6716328,5591193,2578944,3970579,6858584,4854304,3356553,1171879,325872
1998:Q3,Black,1209591,1543564,443055,130465,113443,411618,144484,76156,224343,333974,237805,92034,4135
1998:Q3,Hispanic,871544,1113559,350538,101047,77505,224051,85235,92811,182372,242015,154465,77084,10466
1998:Q3,Other,1122235,1416081,450551,106535,166272,149850,138882,224113,179878,293846,207334,59721,26791
1998:Q4,White,33922854,38886792,8928849,2482894,7956873,5688475,2890838,3999428,6939436,4963938,3431843,1198585,333510
1998:Q4,Black,1255401,1605739,447879,141672,116515,425058,176966,72638,225012,350338,245543,99981,4814
1998:Q4,Hispanic,888548,1141663,361051,101947,83241,228157,95231,90531,181505,253115,162778,80113,10224
1998:Q4,Other,1190962,1487256,455030,107251,204535,159542,147920,224972,188006,296293,208425,62593,25275
1999:Q1,White,34239051,39269355,9105499,2509212,7978359,5763754,2963976,3964455,6984099,5030304,3496350,1194796,339158
1999:Q1,Black,1261528,1621887,457543,143303,111577,437026,183444,67097,221896,360359,253024,101891,5444
1999:Q1,Hispanic,887075,1148657,368913,103677,82593,231095,99443,86304,176633,261582,170079,82132,9371
1999:Q1,Other,1196281,1491441,457382,105078,205677,167485,148265,223522,184032,295160,208185,63579,23396
1999:Q2,White,35260910,40411602,9356496,2542881,8622000,5847563,3097758,4052598,6892306,5150692,3573490,1212512,364690
1999:Q2,Black,1289186,1667804,467771,152267,111469,450913,196854,66148,222383,378618,263135,108527,6956
1999:Q2,Hispanic,886384,1159342,374187,105045,85161,233712,104985,85188,171064,272957,178716,84831,9410
1999:Q2,Other,1235509,1531304,465031,104653,224837,175554,150811,224981,185437,295795,208350,65711,21734
1999:Q3,White,35191309,40466520,9615261,2584881,8189535,5908210,3011574,4221883,6935175,5275211,3670414,1238835,365962
1999:Q3,Black,1284142,1682923,481211,155720,104275,463137,187013,68252,223316,398781,274012,117506,7263
1999:Q3,Hispanic,883543,1166701,384672,107465,81907,235350,104802,86202,166303,283157,187551,87343,8263
1999:Q3,Other,1231011,1528076,472026,102636,211596,181946,144925,228470,186477,297064,209282,68211,19571
1999:Q4,White,37461296,42883102,9834535,2616034,9763976,6020756,3288717,4274365,7084719,5421806,3747635,1266696,407475
1999:Q4,Black,1357024,1772194,493575,164767,111330,482112,216742,66351,237317,415170,277774,127915,9481
1999:Q4,Hispanic,907504,1195285,395843,108403,89494,237999,113928,84015,165603,287781,190627,88415,8739
1999:Q4,Other,1308681,1605371,472052,101890,257303,191154,152977,228569,201427,296691,208227,70596,17868
2000:Q1,White,38477806,43996299,10189842,2663692,10279809,6104895,3406834,4251417,7099810,5518493,3810528,1262734,445231
2000:Q1,Black,1397402,1819400,506819,172601,111320,498763,229765,61870,238262,421998,278572,131905,11521
2000:Q1,Hispanic,916297,1204558,403095,110716,91402,239785,118806,79752,161002,288262,191054,88029,9179
2000:Q1,Other,1351865,1645326,490842,100910,271411,198577,154995,226503,202088,293461,206058,71097,16306
2000:Q2,White,38466180,44092417,10594885,2709757,9795203,6170151,3367033,4412884,7042504,5626237,3904876,1294072,427289
2000:Q2,Black,1414041,1857632,528063,181862,104822,514061,226085,64073,238665,443591,288654,143833,11104
2000:Q2,Hispanic,912700,1208342,411186,112793,88030,241052,119576,80594,155110,295642,198118,90006,7518
2000:Q2,Other,1353930,1648414,505444,100295,256251,204934,151152,229845,200492,294484,206448,73860,14176
2000:Q3,White,38978508,44747943,10954782,2750330,9700785,6245389,3404301,4592564,7099793,5769435,3999839,1337943,431653
2000:Q3,Black,1436049,1905825,549775,184623,101113,531239,231117,67024,240934,469776,298621,159552,11603
2000:Q3,Hispanic,913809,1217573,418971,115167,86780,242655,122417,82027,149556,303764,204959,92138,6667
2000:Q3,Other,1369681,1666203,517816,98055,252852,212039,150526,234047,200868,296523,207027,77441,12055
2000:Q4,White,38468604,44331184,11309544,2789212,8537353,6298537,3266769,4672474,7457295,5862580,4076179,1387510,398891
2000:Q4,Black,1433671,1931354,567465,197494,90013,546496,217281,66467,246137,497683,309759,177168,10756
2000:Q4,Hispanic,899209,1211209,423832,116556,79472,243888,120619,80825,146017,311999,212384,95026,4589
2000:Q4,Other,1354426,1653246,533255,98494,219282,218240,143561,235818,204596,298821,206905,81562,10354
2001:Q1,White,38301426,44196003,11933210,2823519,7611849,6371897,3036248,4714825,7704455,5894578,4144280,1387145,363153
2001:Q1,Black,1445868,1957704,599385,206896,80431,564693,193781,64592,247926,511836,319671,182895,9270
2001:Q1,Hispanic,897389,1215452,437871,118126,73249,245969,116553,78719,144964,318062,219005,96705,2352
2001:Q1,Other,1363850,1661137,567269,98207,193458,226121,133509,237086,205488,297288,206670,82979,7639
2001:Q2,White,39469859,45503125,12281283,2849857,8220339,6460437,3147058,4826971,7717179,6033266,4261961,1405169,366136
2001:Q2,Black,1493523,2037676,624175,212142,82200,593531,207169,65278,253180,544153,342171,192263,9719
2001:Q2,Hispanic,888034,1225892,441913,119720,76574,246430,121573,78723,140959,337859,235267,100957,1635
2001:Q2,Other,1407587,1709569,577993,97075,211783,236673,136912,241192,207942,301982,210619,85860,5503
2001:Q3,White,38469185,44707199,12626663,2878671,6859254,6526006,2905315,4900864,8010427,6238014,4385344,1419923,432747
2001:Q3,Black,1489690,2059573,646143,214932,69472,620254,182855,64591,261326,569884,353082,203368,13434
2001:Q3,Hispanic,862233,1211766,442921,122054,67550,246792,117342,77857,137251,349533,244076,102303,3154
2001:Q3,Other,1382379,1690825,587572,95704,174974,246909,127359,245113,213194,308446,215050,88758,4638
2001:Q4,White,39899201,46190809,12900952,2915621,7757412,6627681,3043503,4856345,8089294,6291608,4448080,1475889,367639
2001:Q4,Black,1560429,2159151,680463,219489,80109,643694,203260,68225,263911,598722,373631,215324,9767
2001:Q4,Hispanic,881616,1254877,463130,129250,74876,249590,118557,78012,141462,373261,263225,109101,935
2001:Q4,Other,1414221,1736188,605906,99940,198682,247497,131211,237258,215694,321967,226849,91512,3606
2002:Q1,White,40403066,46798636,13205138,2935961,7797333,6697977,3136995,4898803,8126428,6395570,4561977,1469089,364504
2002:Q1,Black,1643514,2242483,707856,222576,84488,663494,218744,75187,270138,598969,374800,214966,9203
2002:Q1,Hispanic,916408,1296265,486322,135639,76770,252025,118513,80835,146161,379857,270175,108839,843
2002:Q1,Other,1428853,1765110,628505,104118,198715,247281,133849,232856,219786,336257,241858,90622,3777
2002:Q2,White,39801150,46328620,13480238,2963888,7046903,6758497,2939908,4959446,8179740,6527469,4698943,1493011,335515
2002:Q2,Black,1676622,2289057,735982,226982,82615,682064,202644,82953,275817,612435,383049,221941,7445
2002:Q2,Hispanic,936020,1330172,514719,142862,73480,254522,110675,84377,149537,394153,283014,110667,472
2002:Q2,Other,1403443,1758967,651691,109257,176326,247411,125546,229759,218977,355524,260034,92025,3465
2002:Q3,White,38722328,45396704,13755047,3001742,5728819,6818933,2722618,5048045,8321500,6674376,4836328,1515925,322123
2002:Q3,Black,1694073,2327242,770407,223827,75187,700413,184378,91887,281143,633169,399772,226991,6406
2002:Q3,Hispanic,949904,1367743,546671,151968,65650,257205,102186,88921,155141,417839,302618,114766,455
2002:Q3,Other,1364294,1742404,676884,113247,137636,248391,116552,228239,221455,378110,280443,93926,3741
2002:Q4,White,39461349,46299508,14027910,3028334,6077854,6905038,2842052,4911624,8506696,6838159,4976078,1546983,315098
2002:Q4,Black,1753483,2408914,804377,219876,82422,721624,203101,92240,285274,655431,415321,234400,5710
2002:Q4,Hispanic,976526,1417807,576437,160451,70080,260716,103461,86746,159916,441281,322111,118872,298
2002:Q4,Other,1387624,1791126,707075,117523,147103,251784,121696,219803,226143,403503,302803,96753,3947
2003:Q1,White,39531338,46494037,14312011,3037188,5740322,6953022,2858509,5017072,8575913,6962698,5093980,1538921,329797
2003:Q1,Black,1815007,2479839,832476,221732,83360,737421,210213,101883,292754,664832,427858,230963,6011
2003:Q1,Hispanic,1002557,1464474,604911,166943,69271,262985,101560,91948,166856,461917,339781,121786,350
2003:Q1,Other,1404838,1832552,741874,123720,136607,253556,122980,219812,234003,427714,325621,97454,4639
2003:Q2,White,41172671,48425070,14614936,3059804,6784445,7021482,3118348,5145812,8680242,7252399,5280069,1560419,411911
2003:Q2,Black,1902868,2595702,864183,221175,97542,755031,244513,112439,300820,692834,448066,235113,9655
2003:Q2,Hispanic,1039669,1533116,636661,174886,79100,265659,106618,97958,172234,493447,364450,125892,3105
2003:Q2,Other,1475450,1937698,780160,130193,168393,257338,135397,221131,245086,462249,355795,100506,5948
2003:Q3,White,41901551,49333462,14914298,3094067,7177847,7079330,3188200,5245148,8634571,7431910,5462461,1586186,383263
2003:Q3,Black,1967734,2676077,898330,216139,105663,770264,257420,121792,306469,708343,458884,241594,7865
2003:Q3,Hispanic,1082952,1595213,674900,184266,83862,267641,106018,103062,175464,512261,382434,127875,1952
2003:Q3,Other,1526036,2023802,824350,136371,181519,261042,140181,221821,258519,497766,387568,104020,6178
2003:Q4,White,43521908,51122510,15225045,3126896,8055657,7149114,3431882,5318318,8815598,7600602,5599642,1615181,385779
2003:Q4,Black,2051875,2780099,930708,213636,118192,785800,290147,129984,311631,728224,475130,246739,6355
2003:Q4,Hispanic,1126084,1664410,711254,193082,91970,269526,110320,107256,181002,538325,404473,132497,1355
2003:Q4,Other,1605735,2141839,875698,143987,212187,266152,153701,221808,268306,536103,419685,108516,7902
2004:Q1,White,45632769,53355505,15753899,3166932,8474182,7285622,3497823,5468090,9708957,7722737,5720519,1608927,393291
2004:Q1,Black,2154430,2885566,969407,215309,126511,808515,302095,140990,322739,731135,482162,242875,6098
2004:Q1,Hispanic,1189328,1744469,758955,201778,96584,273040,109231,113819,191062,555141,419358,134049,1734
2004:Q1,Other,1716625,2288438,951731,153748,228953,276861,159668,224993,292484,571813,452602,110621,8590
2004:Q2,White,46242224,54185124,16202457,3213368,8396756,7426793,3539944,5779196,9626610,7942900,5913764,1620829,408307
2004:Q2,Black,2211656,2956587,1009284,208214,130355,813574,310369,158072,326718,744930,495189,243454,6287
2004:Q2,Hispanic,1244587,1822572,810478,211590,97531,276190,106997,125558,194228,577985,439646,135883,2456
2004:Q2,Other,1794246,2412747,1023379,161942,228349,293296,164919,235199,305663,618501,494638,114373,9490
2004:Q3,White,47208649,55332581,16761235,3230186,8346305,7572579,3555543,6092872,9773861,8123933,6079757,1656048,388128
2004:Q3,Black,2254631,3017565,1041067,207678,134276,817201,315084,174834,327424,762934,508859,249005,5070
2004:Q3,Hispanic,1303034,1904281,871378,217379,98405,278670,103781,137173,197495,601247,460112,139301,1834
2004:Q3,Other,1877311,2545929,1099395,172616,228393,311450,169206,246328,318541,668619,538419,120521,9679
2004:Q4,White,49004716,57356552,17261415,3279562,9063905,7715695,3808386,6182664,10044925,8351836,6237900,1692459,421477
2004:Q4,Black,2330118,3129475,1094268,213314,136045,827465,338719,174859,344805,799357,539766,253096,6495
2004:Q4,Hispanic,1362694,1998959,915687,222073,107266,281515,115230,152769,204420,636265,488056,144087,4122
2004:Q4,Other,2080782,2797692,1196161,183271,261652,338030,187029,277617,353932,716910,576018,130477,10415
2005:Q1,White,49641297,58072919,17735407,3314841,9079548,7801052,3804790,6292772,10044509,8431623,6347513,1676587,407523
2005:Q1,Black,2342928,3171487,1135944,220533,131286,828422,331707,175325,348270,828559,582787,240030,5742
2005:Q1,Hispanic,1407765,2088508,975042,224641,111128,281573,118786,168607,208731,680743,525439,151042,4262
2005:Q1,Other,2228824,2990620,1287644,195124,267300,361319,191321,312286,375626,761796,613922,137315,10559
2005:Q2,White,50834931,59469162,18240475,3349073,9344517,7898394,3916085,6520798,10199820,8634230,6526211,1692913,415106
2005:Q2,Black,2376782,3237392,1175410,233501,128197,829513,337468,180042,353261,860610,617791,237374,5445
2005:Q2,Hispanic,1470201,2187641,1037901,225896,116558,281402,125571,187935,212379,717440,556916,155339,5185
2005:Q2,Other,2403592,3220545,1380510,209890,283852,387090,202463,355290,401449,816953,658938,146763,11252
2005:Q3,White,52133175,60985183,18797669,3376073,9844361,7991029,4060744,6790719,10124588,8852008,6710155,1722645,419208
2005:Q3,Black,2409177,3304654,1224245,233780,126507,829027,346132,186064,358899,895477,652426,237938,5113
2005:Q3,Hispanic,1538527,2292587,1104381,227583,123447,280592,133006,208198,215379,754060,588167,159866,6027
2005:Q3,Other,2604826,3481216,1485739,220478,312096,413677,215980,403358,429888,876390,706692,157936,11762
2005:Q4,White,53175831,62202910,19271215,3409727,9986986,8084792,4189434,6919071,10341684,9027078,6871251,1749831,405996
2005:Q4,Black,2433061,3356170,1265706,235172,121878,828150,352803,186543,365919,923109,681278,238109,3722
2005:Q4,Hispanic,1597468,2381353,1160976,229484,127873,279512,139902,223306,220299,783884,614430,163421,6033
2005:Q4,Other,2790640,3725264,1593767,231888,323874,441455,228923,446553,458804,934623,753264,169193,12166
2006:Q1,White,54744722,64002610,19273094,3437219,11309211,8187576,4313945,6944153,10537412,9257888,7064172,1759088,434628
2006:Q1,Black,2436724,3384910,1276127,246441,125119,828305,358936,183185,366798,948187,709520,234219,4448
2006:Q1,Hispanic,1619514,2433532,1179674,229531,139826,278597,146631,234657,224616,814019,640505,165498,8016
2006:Q1,Other,2982357,3978668,1645740,247619,397438,471119,241849,485818,489085,996312,804330,178780,13202
2006:Q2,White,54777897,64246474,19513884,3470594,10961021,8275077,4302387,7099989,10623523,9468577,7252038,1763177,453362
2006:Q2,Black,2422612,3400218,1302062,247942,116881,826946,349994,184793,371600,977606,744104,228742,4760
2006:Q2,Hispanic,1638606,2489335,1212938,231309,141191,277183,149088,250165,227461,850729,671911,169232,9586
2006:Q2,Other,3101343,4161049,1725611,259385,383814,499866,245381,534162,512829,1059705,857109,188460,14136
2006:Q3,White,55591229,65248746,19664672,3505701,11317650,8375762,4423857,7249149,10711956,9657518,7389084,1800786,467648
2006:Q3,Black,2421070,3432193,1324226,248516,113315,828053,356138,186331,375615,1011123,773647,232533,4943
2006:Q3,Hispanic,1663159,2548222,1239544,233545,147126,276407,155749,265406,230444,885063,698677,175390,10996
2006:Q3,Other,3276855,4398581,1801281,270517,407710,530636,257852,583672,546913,1121727,904049,202732,14946
2006:Q4,White,56660769,66472276,19661783,3527345,12170955,8482742,4609032,7310817,10709602,9811507,7469112,1828123,514272
2006:Q4,Black,2441365,3474511,1339359,253432,112782,831247,369581,185020,383091,1033146,791762,234642,6742
2006:Q4,Hispanic,1683988,2592109,1248584,234418,156244,276199,164535,277900,234229,908121,715286,178826,14009
2006:Q4,Other,3474467,4648279,1861440,283065,461489,562561,274897,628717,576110,1173812,942025,215125,16662
2007:Q1,White,57435443,67343741,19403469,3546565,12780553,8575424,4680048,7284355,11073327,9908298,7593745,1809794,504759
2007:Q1,Black,2448899,3492941,1338699,264862,110700,834552,371322,181023,391784,1044041,810494,227615,5932
2007:Q1,Hispanic,1686796,2614552,1238718,234805,164134,276025,170055,287835,242980,927757,732882,180537,14338
2007:Q1,Other,3620407,4843333,1884414,298400,502283,592931,283254,668254,613797,1222926,984112,222226,16588
2007:Q2,White,57892438,67971174,19268038,3570048,13127641,8678600,4875644,7362001,11089203,10078737,7700506,1830527,547704
2007:Q2,Black,2483571,3555420,1344972,273290,107150,856132,387781,181305,404790,1071849,834892,229264,7693
2007:Q2,Hispanic,1694041,2650292,1235513,236634,170929,278984,180017,301834,246381,956251,755188,183949,17114
2007:Q2,Other,3743563,5017911,1907245,311648,526845,609894,300927,714659,646693,1274348,1023560,233225,17563
2007:Q3,White,58560547,68746727,19061623,3587827,13233051,8769171,4964719,7358869,11771467,10186180,7789439,1877176,519565
2007:Q3,Black,2483869,3593469,1343893,278751,102375,879077,393951,179376,416047,1109600,865439,238195,5966
2007:Q3,Hispanic,1711978,2703343,1247739,239207,176965,282398,187188,314003,255843,991365,782668,191552,17145
2007:Q3,Other,3818285,5144686,1921573,322156,534629,624154,309835,754952,677387,1326401,1059782,248629,17990
2007:Q4,White,57837267,68153591,18818487,3611892,12516310,8847200,4904767,7246597,12208338,10316324,7875375,1906552,534397
2007:Q4,Black,2465551,3578713,1319036,286428,100470,895811,374465,173701,428802,1113162,855304,250523,7335
2007:Q4,Hispanic,1625398,2617744,1175168,243122,168719,288305,184690,299892,257848,992346,781471,193719,17156
2007:Q4,Other,3826115,5194342,1931320,333348,529641,635331,318997,734585,711121,1368227,1089990,258684,19553
2008:Q1,White,56207093,66613439,18290134,3642814,11519972,8909457,4656888,6839177,12754998,10406346,7939953,1890412,575981
2008:Q1,Black,2402908,3509317,1274341,290194,97086,913879,336191,158301,439326,1106409,842032,254169,10208
2008:Q1,Hispanic,1530144,2520567,1103846,249079,159096,294626,176560,276735,260624,990423,777246,194757,18420
2008:Q1,Other,3727479,5125995,1889855,341291,503086,643137,311383,689720,747523,1398516,1114122,262670,21724
2008:Q2,White,55243538,65630428,17864365,3661048,11059472,8987404,4634606,6765823,12657710,10386890,7973231,1895875,517784
2008:Q2,Black,2393530,3473150,1234675,287930,97007,936680,322898,155202,438758,1079620,805651,266042,7927
2008:Q2,Hispanic,1499623,2458237,1052012,255454,152874,302321,176061,265800,253715,958614,752502,191201,14911
2008:Q2,Other,3697077,5112650,1848491,344309,511239,651944,321545,667948,767173,1415573,1126959,267335,21279
2008:Q3,White,53221021,63683720,17439744,3673104,9615825,9047700,4349582,6547460,13010306,10462699,7941941,1899308,621450
2008:Q3,Black,2328496,3415539,1199800,293240,90788,959765,283422,147363,441161,1087043,798177,274721,14145
2008:Q3,Hispanic,1413799,2381329,996465,260966,140304,310077,167399,250379,255739,967530,751978,196221,19331
2008:Q3,Other,3560434,4993654,1805403,350423,448264,657154,308321,633562,790527,1433220,1134067,273562,25591
2008:Q4,White,50572158,60808143,17013945,3652266,7480384,9081043,3848042,6202470,13529994,10235986,7891768,1888750,455468
2008:Q4,Black,2240041,3308782,1167776,296358,79360,981450,222422,135292,426125,1068741,781434,281129,6178
2008:Q4,Hispanic,1339411,2290739,946761,264137,121865,317375,151119,230763,258720,951328,743017,197778,10533
2008:Q4,Other,3363870,4798619,1767143,353486,334391,657332,274284,587884,824099,1434750,1134232,276132,24386
2009:Q1,White,49078335,59214633,16604114,3633034,6645947,9087511,3724308,5861272,13658447,10136298,7885485,1830998,419815
2009:Q1,Black,2203048,3260019,1136583,296775,75950,1001113,201551,123498,424549,1056971,777027,275189,4755
2009:Q1,Hispanic,1267720,2220415,903281,268019,111974,324003,147812,211355,253972,952695,745074,199795,7826
2009:Q1,Other,3238268,4675194,1723334,354228,309130,652349,272331,541445,822377,1436926,1140690,272160,24076
2009:Q2,White,49626331,59757836,16268575,3627062,8048533,9140407,4072392,5418038,13182829,10131505,7888612,1802473,440420
2009:Q2,Black,2247334,3287733,1116007,294666,88693,1027483,227781,108226,424876,1040398,755365,278452,6581
2009:Q2,Hispanic,1268594,2206190,882249,273555,119686,332490,161008,188268,248934,937597,731852,197764,7981
2009:Q2,Other,3300335,4739607,1677954,353231,440851,652952,312473,486180,815966,1439272,1143252,270185,25835
2009:Q3,White,51190062,61310467,16022622,3613841,9474155,9198569,4447776,5330256,13223248,10120405,7855573,1797742,467090
2009:Q3,Black,2302801,3340454,1098784,289108,101775,1054892,257922,105398,432575,1037653,742066,286640,8947
2009:Q3,Hispanic,1278515,2213604,867307,278713,126963,341157,175351,177964,246150,935090,725365,201346,8379
2009:Q3,Other,3454220,4895559,1648692,349605,578627,653176,355842,459339,850278,1441339,1140387,272983,27969
2009:Q4,White,51269597,61399014,15853541,3623737,9698031,9238958,4606954,5182304,13195489,10129416,7848323,1785892,495201
2009:Q4,Black,2351449,3375231,1084397,297992,106434,1079713,266079,100423,440193,1023782,718151,294366,11265
2009:Q4,Hispanic,1288293,2207915,853542,284069,125328,348917,182262,165459,248338,919622,709459,201271,8892
2009:Q4,Other,3500769,4941505,1625786,354335,627996,649526,379217,427746,876899,1440736,1137660,273488,29588
2010:Q1,White,52222175,62321188,15784188,3612958,10234924,9399020,4770107,5281449,13238542,10099013,7792279,1735346,571388
2010:Q1,Black,2430115,3423829,1075597,297002,113384,1119621,273905,103942,440378,993714,683186,292153,18375
2010:Q1,Hispanic,1315807,2207911,839393,288131,125759,360922,189065,161743,242898,892104,682977,197946,11181
2010:Q1,Other,3599720,5028739,1615346,352712,700643,662703,402534,416009,878792,1429019,1124316,267611,37092
2010:Q2,White,51522029,61622659,15739974,3594434,9313615,9531891,4585634,5597980,13259131,10100630,7790021,1719637,590972
2010:Q2,Black,2454213,3423194,1069221,295310,109317,1147929,244280,114984,442153,968981,649596,298774,20611
2010:Q2,Hispanic,1327268,2190308,828294,290798,115455,370617,183283,165598,236263,863040,657826,194215,10999
2010:Q2,Other,3576408,4999080,1597155,350369,659724,675159,391689,421290,903693,1422672,1117861,265827,38984
2010:Q3,White,53204367,63290155,15624092,3587828,10431753,9715484,4908475,5759954,13262569,10085788,7771580,1729260,584948
2010:Q3,Black,2528794,3480864,1051354,291330,120514,1180960,268243,120388,448075,952070,621290,310587,20193
2010:Q3,Hispanic,1389523,2231037,844013,294094,119609,381480,195274,163558,233009,841514,636802,194984,9728
2010:Q3,Other,3752344,5168134,1571131,347112,775923,693946,429764,414168,936090,1415790,1108756,268895,38139
2010:Q4,White,54651442,64729505,15426676,3595154,11335441,9889601,5170553,5835731,13476348,10078063,7640425,1831882,605756
2010:Q4,Black,2586008,3557639,1035246,297304,134968,1216990,298786,126794,447551,971631,614118,336854,20659
2010:Q4,Hispanic,1353327,2181649,790893,291669,126652,377990,197928,166655,229862,828323,620947,196898,10478
2010:Q4,Other,3855622,5263756,1568326,351374,826127,727498,460011,424998,905422,1408134,1089190,281177,37767
2011:Q1,White,55578572,65649413,15154992,3621840,12129330,9964504,5335494,5876008,13567245,10070841,7615789,1824583,630469
2011:Q1,Black,2634352,3599494,1012486,300836,148642,1236795,316802,131729,452204,965142,612235,332121,20786
2011:Q1,Hispanic,1341224,2157390,770659,290664,132508,369359,195814,168020,230366,816166,610331,194216,11619
2011:Q1,Other,3954476,5353629,1551825,354924,866079,744806,479579,432754,923663,1399154,1085432,277389,36333
2011:Q2,White,56008356,66045671,15082373,3648146,12107617,10035441,5365999,5914674,13891421,10037315,7567898,1850369,619048
2011:Q2,Black,2662808,3629009,995290,310824,156070,1253845,320228,136438,456314,966201,613197,334323,18681
2011:Q2,Hispanic,1322493,2126321,758130,288100,132461,359618,188622,168936,230454,803828,601631,191387,10810
2011:Q2,Other,3960555,5349330,1543270,362004,840824,760538,485805,440147,916742,1388775,1077942,276998,33835
2011:Q3,White,54394159,64429922,15011811,3678408,10288800,10066005,5001393,5989070,14394435,10035764,7530823,1890841,614100
2011:Q3,Black,2612104,3582686,986348,304388,149074,1263562,277520,142366,459428,970582,612422,340797,17363
2011:Q3,Hispanic,1278323,2070219,746786,287382,119761,347485,167183,170834,230789,791897,591263,190713,9921
2011:Q3,Other,3799681,5184048,1546489,360451,675549,769424,452924,450208,929003,1384367,1071262,279823,33282
2011:Q4,White,55525197,65554354,14886875,3691334,10940256,10162309,5223973,6112217,14537390,10029157,7490330,1936646,602181
2011:Q4,Black,2647879,3626867,966053,306748,161875,1281190,301471,150101,459430,978988,616231,346988,15769
2011:Q4,Hispanic,1261525,2044641,728737,283360,124126,337528,165728,174268,230894,783116,584630,189934,8552
2011:Q4,Other,3894830,5275001,1544301,363213,700977,787800,477312,464081,937317,1380171,1064542,282657,32972
2012:Q1,White,57236413,67250764,14746359,3713292,12355801,10273845,5573442,6124411,14463614,10014351,7455427,1938551,620373
2012:Q1,Black,2723166,3688802,941247,316283,180901,1300240,341922,153630,454579,965636,607331,342690,15615
2012:Q1,Hispanic,1259497,2020750,712192,279209,133422,327872,168493,173536,226025,761253,567069,184956,9228
2012:Q1,Other,4049351,5416314,1537107,370130,784299,808256,514182,469244,933096,1366964,1056485,278844,31635
2012:Q2,White,57305736,67309761,14902634,3731263,11974796,10334497,5488942,6262330,14615299,10004025,7407947,1980182,615896
2012:Q2,Black,2723540,3691936,938557,311918,185688,1312062,328934,162048,452729,968396,606498,347597,14301
2012:Q2,Hispanic,1248882,1995955,722222,276196,130506,315962,155435,177287,218347,747073,556270,182302,8501
2012:Q2,Other,4057088,5416024,1558586,369587,728683,821083,507903,484525,945657,1358936,1048023,280387,30526
2012:Q3,White,58949581,68957262,15096290,3748351,12734317,10425951,5686641,6463406,14802305,10007680,7356864,2029097,621719
2012:Q3,Black,2767977,3749752,939673,309283,199842,1328552,351285,173119,447998,981775,615189,353102,13484
2012:Q3,Hispanic,1245320,1991051,729065,272949,135177,305336,152197,183341,212986,745731,553464,183909,8358
2012:Q3,Other,4193778,5548562,1594753,370024,760280,838891,529631,505125,949859,1354785,1040910,284345,29530
2012:Q4,White,59624201,69640372,15234304,3773746,12831109,10502371,5741418,6553120,15004304,10016171,7335405,2084879,595887
2012:Q4,Black,2810397,3787750,934552,310514,209013,1343906,356690,180129,452947,977353,601624,365178,10551
2012:Q4,Hispanic,1263436,1978637,734905,270351,135528,294246,144003,185480,214125,715202,532439,176291,6472
2012:Q4,Other,4272687,5622242,1630115,372829,740799,855048,537591,517289,968571,1349555,1035117,286557,27881
2013:Q1,White,62017816,71967682,15559548,3791986,14417171,10787538,6015360,6642094,14753984,9949866,7245316,2088831,615719
2013:Q1,Black,2904038,3901900,937795,316310,230365,1389829,390193,187447,449962,997862,633796,353427,10639
2013:Q1,Hispanic,1256066,1996951,752376,266855,145543,292148,143116,187801,209112,740885,548687,185095,7103
2013:Q1,Other,4543720,5884646,1692852,377939,835696,903507,567277,529924,977451,1340926,1027193,286420,27313
2013:Q2,White,62779011,72750918,15946011,3801300,14618350,11034489,6066261,6939292,14345216,9971907,7208636,2131385,631886
2013:Q2,Black,2982191,3990305,952876,313372,241336,1430580,396503,203572,452066,1008114,638724,358745,10645
2013:Q2,Hispanic,1292735,2025399,785115,263904,146846,292283,134641,198005,204604,732663,543012,182214,7437
2013:Q2,Other,4711494,6050226,1755673,378244,824377,960754,575576,559946,995656,1338731,1023691,287849,27191
2013:Q3,White,64755420,74760285,16335807,3819118,15385718,11297090,6309155,7243215,14370181,10004866,7199213,2185031,620622
2013:Q3,Black,3081337,4108657,965248,307296,257380,1476510,429107,220751,452365,1027320,649985,368626,8709
2013:Q3,Hispanic,1346422,2079513,826557,262821,151976,293722,132818,208961,202658,733091,543043,183472,6576
2013:Q3,Other,4942972,6287778,1825450,377227,857330,1022042,603465,591484,1010780,1344806,1026341,293168,25297
2013:Q4,White,66358438,76478159,16578141,3823627,16241845,11557514,6594154,7386269,14296608,10119721,7171611,2212120,735990
2013:Q4,Black,3207926,4257742,999557,311113,261332,1517383,466489,220152,481716,1049816,650681,383429,15706
2013:Q4,Hispanic,1435366,2188531,838168,266112,174335,317199,157339,207343,228035,753165,547614,192272,13279
2013:Q4,Other,5134282,6497563,1871916,376481,908470,1073812,639054,591205,1036624,1363281,1027218,302647,33416
2014:Q1,White,67837219,77923351,16780604,3814698,17162911,11617512,6651417,7382178,14514031,10086132,7135540,2199432,751160
2014:Q1,Black,3293467,4343518,1022960,318715,266605,1533083,475094,214192,512868,1050051,643931,389292,16828
2014:Q1,Hispanic,1535489,2297108,865763,268250,197422,333219,174345,201016,257093,761619,546267,200397,14955
2014:Q1,Other,5288199,6661139,1911725,377405,966234,1097464,652964,580215,1075132,1372940,1026741,307694,38505
2014:Q2,White,69483181,79587233,17086184,3821883,18063310,11680859,6789603,7626452,14518942,10104052,7117839,2230459,755754
2014:Q2,Black,3399362,4464876,1063586,324779,272411,1551684,495311,218841,538264,1065514,639483,408462,17569
2014:Q2,Hispanic,1656710,2427385,902500,272846,220782,350218,194436,204245,282358,770676,547283,207322,16071
2014:Q2,Other,5453341,6845540,1954046,378035,1024030,1123305,675655,590272,1100196,1392199,1030400,317759,44040
2014:Q3,White,69850599,79885200,17360627,3836349,17737512,11720542,6723554,7880148,14626468,10034601,7106799,2264431,663371
2014:Q3,Black,3473850,4555430,1099955,336991,268741,1568769,489141,224318,567514,1081579,639864,429403,12312
2014:Q3,Hispanic,1756514,2539699,934133,278018,235871,366956,207480,208237,309004,783184,552529,218483,12172
2014:Q3,Other,5519474,6933941,2000983,382170,987779,1147084,678450,602026,1135449,1414467,1036725,330629,47113
2014:Q4,White,70914234,80951668,17516508,3835789,18342579,11773046,6806162,8087533,14590051,10037434,7096783,2292566,648085
2014:Q4,Black,3562001,4663881,1129875,348458,273038,1589094,503639,228265,591512,1101880,641521,448548,11811
2014:Q4,Hispanic,1858299,2656729,959930,281982,257679,384846,226157,210874,335262,798431,558986,227096,12349
2014:Q4,Other,5662476,7100416,2039401,385531,1025268,1174147,696870,610875,1168325,1437940,1044178,341330,52432
2015:Q1,White,72041925,82016915,17726948,3838177,18706258,11812716,6872310,8249169,14811337,9974989,7052308,2271403,651278
2015:Q1,Black,3666150,4773042,1159210,359017,275605,1608375,516035,230600,624200,1106892,641642,452507,12743
2015:Q1,Hispanic,1974669,2789023,996356,286568,277901,402658,244277,212076,369187,814354,563853,236913,13588
2015:Q1,Other,5821752,7273243,2090143,388577,1045083,1200405,714016,616740,1218278,1451490,1046679,346243,58568
2015:Q2,White,72496709,82510996,18037539,3869177,18757085,11840042,6847423,8508185,14651545,10014287,7052770,2301212,660305
2015:Q2,Black,3747296,4883637,1203916,376195,275625,1626081,517043,237136,647642,1136341,650409,471662,14270
2015:Q2,Hispanic,2077813,2916540,1036596,293668,295675,420240,259252,216975,394133,838727,576444,247043,15240
2015:Q2,Other,5922194,7403246,2138497,396046,1041273,1225697,722370,631149,1248214,1481052,1058027,357835,65190
2015:Q3,White,71478296,81517396,18331195,3888162,17254968,11841025,6545706,8664025,14992315,10039100,7058412,2337670,643018
2015:Q3,Black,3766493,4933090,1249569,378813,261704,1639443,480914,239500,683147,1166597,658959,493556,14082
2015:Q3,Hispanic,2152728,3016977,1076507,301018,299861,436789,263377,218142,421283,864249,588922,259763,15564
2015:Q3,Other,5884436,7398224,2197214,395703,916575,1247580,701969,637676,1301506,1513789,1070573,372115,71101
2015:Q4,White,72577188,82580991,18533976,3902320,17909743,11884075,6692741,8714562,14943574,10003802,7084426,2280784,638592
2015:Q4,Black,3878646,5045762,1283995,384189,266921,1658392,504955,237466,709844,1167116,666061,485188,15867
2015:Q4,Hispanic,2265508,3147038,1110950,307336,321915,455072,284582,215391,451792,881530,600385,264492,16653
2015:Q4,Other,6041041,7576540,2251385,396781,960805,1276529,728487,635951,1326603,1535499,1086424,369759,79316
2016:Q1,White,73390356,83352836,18705139,3922508,18154413,11916528,6749245,8667658,15237345,9962480,7059999,2270279,632202
2016:Q1,Black,3971656,5150050,1314888,398783,268304,1674308,516125,231272,746370,1178393,670664,490798,16931
2016:Q1,Hispanic,2365843,3267314,1145491,312968,340010,472581,301859,208948,485457,901471,609041,274631,17799
2016:Q1,Other,6168183,7724667,2295872,402985,973424,1304090,745544,626439,1376313,1556484,1093985,376515,85984
2016:Q2,White,74585969,84586171,19094491,3942816,18658762,11961828,6836462,8902322,15189490,10000202,7067096,2297120,635986
2016:Q2,Black,4085124,5292063,1361531,419094,271897,1695142,531595,236590,776214,1206939,681576,507192,18171
2016:Q2,Hispanic,2464048,3391204,1184722,317474,360055,487013,320111,212534,509295,927155,623036,284489,19630
2016:Q2,Other,6324244,7911796,2355271,412341,1006695,1325469,766108,640201,1405711,1587552,1107602,388020,91930
2016:Q3,White,75786351,85856668,19433924,3963718,19204245,12015850,6993397,9076299,15169236,10070317,7095200,2335558,639559
2016:Q3,Black,4159740,5397510,1401478,414383,275603,1714893,555570,239113,796470,1237770,690943,527431,19396
2016:Q3,Hispanic,2591407,3544646,1247358,324156,379891,500988,340567,213571,538116,953239,635678,296014,21547
2016:Q3,Other,6465866,8090680,2419876,408935,1043378,1347915,794138,649024,1427414,1624814,1124267,402617,97930
2016:Q4,White,76144112,86248832,19689932,3986644,19359228,12078780,7001321,9054644,15078283,10104720,7103780,2378569,622371
2016:Q4,Black,4204868,5461383,1436029,410379,278946,1737777,566584,236147,795520,1256515,697352,542527,16636
2016:Q4,Hispanic,2575663,3538832,1250929,328601,362688,512946,341344,213316,529008,963169,644019,298870,20280
2016:Q4,Other,6666522,8322609,2525986,411103,1122392,1333277,800086,678352,1451413,1656087,1146899,416470,92718
2017:Q1,White,77997913,88125521,19963249,4020401,20423197,12171627,7252105,9038126,15256816,10127608,7117953,2368910,640745
2017:Q1,Black,4312865,5568819,1452222,414193,290194,1762507,612072,232890,804741,1255955,700571,539281,16103
2017:Q1,Hispanic,2603558,3573752,1275108,332630,352287,525191,351683,212791,524062,970194,649396,299872,20926
2017:Q1,Other,7008286,8688030,2628240,417978,1279350,1322307,833160,708475,1498520,1679743,1169660,422355,87728
2017:Q2,White,79468654,89683810,20324559,4040666,20998988,12261513,7413892,9433983,15210209,10215156,7146457,2399648,669051
2017:Q2,Black,4399899,5671708,1482362,409768,296353,1783816,644620,246582,808206,1271809,705522,548469,17818
2017:Q2,Hispanic,2623042,3601859,1303019,335295,335747,536321,357563,226971,506944,978817,656021,300621,22175
2017:Q2,Other,7313276,9027708,2729194,420340,1400348,1309691,856556,775164,1536415,1714431,1194872,433992,85567
2017:Q3,White,80751921,91050534,20668161,4056849,21645861,12354900,7613967,9496284,15214512,10298613,7184761,2438117,675735
2017:Q3,Black,4463916,5751759,1506372,401349,302587,1802766,682007,245757,810920,1287843,712351,558940,16552
2017:Q3,Hispanic,2627498,3617510,1327908,337265,318437,546685,364267,228558,494390,990012,664034,303923,22055
2017:Q3,Other,7613573,9364061,2843435,420689,1531160,1296533,884402,813736,1574106,1750488,1221909,448223,80356
2017:Q4,White,82684658,93104332,20918942,4104003,22775161,12454495,7847854,9620470,15383406,10419674,7218576,2488798,712300
2017:Q4,Black,4528267,5836329,1522312,397313,312510,1819822,723864,247130,813378,1308063,717570,572583,17910
2017:Q4,Hispanic,2636082,3635883,1346485,341667,303632,556470,371703,232083,483843,999801,670529,305649,23623
2017:Q4,Other,7983194,9771523,2958794,424652,1708322,1283338,916376,858557,1621483,1788329,1247829,463722,76778
2018:Q1,White,83430364,93881753,21351766,4152542,22660788,12543763,7793554,9687917,15691424,10451389,7233710,2479963,737716
2018:Q1,Black,4574705,5873834,1543667,399238,310856,1832342,722738,245667,819327,1299129,714150,565986,18993
2018:Q1,Hispanic,2642403,3641254,1374372,345016,278302,565046,367038,233220,478260,998851,669767,304560,24524
2018:Q1,Other,8258046,10069877,3099600,432084,1779009,1267326,915384,898946,1677528,1811831,1268912,469374,73545
2018:Q2,White,84449257,94983527,21627982,4197774,23001246,12645298,7885594,9826513,15799120,10534270,7280849,2505133,748288
2018:Q2,Black,4615899,5921106,1557870,397507,312709,1844025,741983,246829,820183,1305206,715624,569614,19968
2018:Q2,Hispanic,2629756,3631134,1388754,347903,255803,573483,367812,236710,460669,1001377,673370,303336,24671
2018:Q2,Other,8525226,10373235,3187588,437717,1892651,1252397,931166,946664,1725052,1848009,1296216,480112,71681
2018:Q3,White,86089166,96735710,21877508,4233560,23996347,12761166,8086176,9895335,15885619,10646544,7337105,2553308,756131
2018:Q3,Black,4658541,5976190,1567984,392839,319638,1855231,775592,244635,820271,1317649,718853,579754,19042
2018:Q3,Hispanic,2607698,3616216,1396267,349648,237238,581958,372273,237431,441401,1008518,678649,305398,24471
2018:Q3,Other,8860724,10748956,3277148,441671,2069290,1238999,959516,988602,1773731,1888232,1325442,496118,66672
2018:Q4,White,82698395,93425842,22049458,4287700,20631918,12827131,7444572,9848177,16336886,10727446,7371587,2601558,754301
2018:Q4,Black,4521484,5847884,1573709,385493,288856,1855743,686129,237201,820753,1326400,717569,589135,19696
2018:Q4,Hispanic,2527246,3536617,1397084,353377,189045,587888,344134,233798,431291,1009371,680352,305074,23945
2018:Q4,Other,8693081,10619952,3366269,445036,1845057,1215906,888948,1020029,1838707,1926871,1350171,511275,65425
2019:Q1,White,87820742,98543674,22409599,4336936,23946100,12997608,8002626,9994297,16856508,10722931,7385012,2594648,743271
2019:Q1,Black,4680484,5987387,1576016,397548,314605,1870195,770127,237575,821321,1306903,711920,579154,15829
2019:Q1,Hispanic,2561831,3566636,1406621,354188,185039,597835,362189,237069,423694,1004805,678743,303582,22480
2019:Q1,Other,9396570,11340962,3487160,459260,2243409,1210379,959949,1070784,1910022,1944393,1370494,517097,56802
2019:Q2,White,89495837,100324265,22688032,4371619,24654298,13139989,8215233,10316412,16938682,10828428,7429723,2634598,764107
2019:Q2,Black,4720769,6035977,1580880,394970,317485,1881109,803343,244928,813263,1315209,716483,582359,16367
2019:Q2,Hispanic,2542014,3555530,1415321,354841,163297,604909,366840,246581,403742,1013517,686254,304225,23038
2019:Q2,Other,9759795,11742336,3575400,465167,2403331,1207500,990617,1139915,1960406,1982541,1398505,530939,53097
2019:Q3,White,89931011,100864162,22862992,4422821,24461175,13278060,8277836,10382389,17178889,10933151,7481926,2682225,769000
2019:Q3,Black,4692784,6013350,1572478,378992,312571,1888628,813659,241238,805784,1320567,717953,587867,14747
2019:Q3,Hispanic,2542353,3563618,1456307,358653,135846,611714,365815,246859,388423,1021264,692015,306729,22520
2019:Q3,Other,9977063,11998462,3652026,464257,2480603,1203343,1003616,1184753,2009864,2021399,1427367,547337,46695
2019:Q4,White,92925870,103956676,23159657,4462393,26227282,13421060,8647757,10451438,17587089,11030806,7527083,2727233,776490
2019:Q4,Black,4750222,6091937,1607092,379306,317270,1899255,838284,243782,806948,1341715,719092,606330,16293
2019:Q4,Hispanic,2531718,3549374,1422377,358460,150475,610203,369425,239636,398798,1017656,691662,303699,22295
2019:Q4,Other,10278726,12332649,3698385,471184,2666952,1232157,1057232,1166599,2040140,2053923,1447843,554929,51151
2020:Q1,White,87448266,98512527,23685972,4492484,20117275,13431383,7688940,10617894,18478579,11064261,7552820,2698939,812502
2020:Q1,Black,4568302,5905317,1637802,378930,258762,1886999,679099,249869,813856,1337016,715220,599982,21814
2020:Q1,Hispanic,2478257,3489472,1439089,357410,118102,603651,325118,235988,410114,1011215,688103,299347,23765
2020:Q1,Other,9701548,11775868,3770925,477703,2091058,1236900,949793,1157812,2091678,2074321,1464131,549570,60620
2020:Q2,White,94254270,105311636,24278834,4490892,24429883,13537517,8585975,10741432,19247102,11057366,7596950,2669660,790756
2020:Q2,Black,4740161,6064199,1675462,371578,284304,1886568,774983,253717,817587,1324038,710910,593062,20066
2020:Q2,Hispanic,2576409,3575920,1457962,353958,147376,601256,349032,230981,435355,999511,685484,292074,21953
2020:Q2,Other,10363439,12451704,3849601,479176,2525801,1258913,1068874,1144362,2124977,2088265,1483752,542595,61918
2020:Q3,White,97976368,109211702,24906307,4612901,26673536,13620469,9023614,11116384,19258490,11235334,7702650,2700444,832240
2020:Q3,Black,4818235,6158172,1708928,390663,292371,1879835,806340,267035,813000,1339937,714378,603598,21961
2020:Q3,Hispanic,2633357,3638475,1482541,360499,164195,598331,356487,234713,441708,1005118,691095,290480,23543
2020:Q3,Other,10769208,12897836,3930419,501851,2761462,1276615,1132574,1155413,2139502,2128628,1516308,548183,64137
2020:Q4,White,104930540,116372904,25677895,4723746,31058930,13797401,9729348,11423520,19962064,11442365,7808076,2731871,902418
2020:Q4,Black,4971547,6321467,1754835,405591,315752,1883699,868390,276905,816294,1349920,707735,615676,26509
2020:Q4,Hispanic,2745909,3747036,1516781,366357,193500,599524,373037,236187,461650,1001127,689718,284751,26658
2020:Q4,Other,11488446,13657293,4034711,522492,3209795,1311512,1229335,1159240,2190207,2168847,1546669,552556,69622
2021:Q1,White,109253363,120826506,26706246,4815132,33373065,13904389,9960716,11734506,20332452,11573144,7899229,2723569,950346
2021:Q1,Black,5037778,6380293,1802659,421851,322518,1874224,865263,286139,807640,1342516,700053,613208,29255
2021:Q1,Hispanic,2846764,3844280,1572569,370141,210525,598479,372822,237899,481845,997516,688799,280088,28629
2021:Q1,Other,11949813,14148423,4189833,544256,3457390,1333509,1267916,1162961,2192557,2198610,1574721,550354,73535
2021:Q2,White,114704947,126757577,28438940,5049674,36031077,14035958,10431895,12406675,20363358,12052630,8215787,2869649,967194
2021:Q2,Black,5142768,6555763,1899885,464248,330880,1864921,891687,308370,795771,1412994,729810,653231,29953
2021:Q2,Hispanic,2972354,4009900,1679900,385385,229587,598951,381791,251899,482386,1037546,723611,284839,29096
2021:Q2,Other,12569528,14876573,4451099,590120,3741097,1359977,1337126,1201627,2195527,2307045,1652961,577465,76619
2021:Q3,White,117365217,129642973,29781328,5224863,36301655,14121170,10430431,13126512,20657015,12277756,8363463,2923153,991140
2021:Q3,Black,5174812,6610829,1977627,488459,321773,1845907,858685,331090,787287,1436016,743038,661223,31755
2021:Q3,Hispanic,3058235,4121673,1762159,396745,234749,598258,375133,267651,486978,1063438,745317,288197,29924
2021:Q3,Other,12894648,15262579,4660454,623550,3789315,1377741,1348218,1244358,2218943,2367931,1698370,587613,81948
2021:Q4,White,120566212,133096305,30367337,5412754,37653778,14275054,10805603,13583436,20998342,12530093,8524018,2988214,1017861
2021:Q4,Black,5196439,6657891,2009435,510710,319724,1832654,867405,342466,775497,1461453,754335,671808,35310
2021:Q4,Hispanic,3124479,4213130,1799940,409695,246426,600900,381106,274721,500343,1088651,768135,289782,30734
2021:Q4,Other,13200933,15638067,4726979,657949,3945867,1408214,1405770,1260810,2232478,2437134,1746460,598726,91948
2022:Q1,White,122058823,134753644,33180800,5615310,36110080,14054354,10331707,13979439,21481954,12694821,8654959,3013645,1026217
2022:Q1,Black,5174745,6647963,2151497,535977,298035,1767597,777735,350306,766816,1473217,772109,664857,36251
2022:Q1,Hispanic,3248905,4374321,1971515,423848,241253,589876,358717,279991,509121,1125415,799649,294982,30784
2022:Q1,Other,13518186,16011733,5238522,697134,3812101,1368113,1356867,1270830,2268166,2493547,1792470,603498,97579
2022:Q2,White,117031271,129960515,34981533,5724486,29935678,13792492,9331241,14595724,21599360,12929244,8836999,3099574,992671
2022:Q2,Black,4983173,6474746,2254645,534695,246617,1691550,638627,364715,743897,1491573,778100,678027,35446
2022:Q2,Hispanic,3274979,4425887,2087387,432368,208422,579522,319707,293024,505457,1150908,824381,297805,28722
2022:Q2,Other,12993548,15561003,5500255,715021,3206415,1310436,1240769,1301918,2286188,2567455,1844973,618737,103745
2022:Q3,White,114413765,127572917,34135592,5849164,28444086,13630935,8975277,14606206,21931656,13159151,8994932,3171304,992915
2022:Q3,Black,4713776,6204248,2161036,537312,226736,1626955,573338,356284,722588,1490473,767266,687608,35599
2022:Q3,Hispanic,3137358,4300893,1990024,442321,203413,573850,302787,285907,502591,1163535,836369,298719,28447
2022:Q3,Other,12494894,15124519,5234942,737856,3070932,1270634,1205229,1273371,2331555,2629625,1888791,631775,109059
2022:Q4,White,115110235,128364344,33266636,5887723,29772912,13457876,9298854,14241524,22438819,13254109,9083624,3233855,936630
2022:Q4,Black,4695230,6206212,2145982,544620,235182,1605495,604110,343367,727456,1510981,770525,706214,34242
2022:Q4,Hispanic,3117853,4289481,1969466,447308,212600,570069,314924,274730,500384,1171628,844751,301337,25540
2022:Q4,Other,12728811,15427395,5212756,755811,3252260,1253140,1264023,1255087,2434318,2698585,1932524,652838,113223
2023:Q1,White,117740007,130999104,33149698,5946767,31667598,13539689,9701717,13966501,23027134,13259097,9126681,3220264,912152
2023:Q1,Black,4774198,6271729,2142412,552683,247450,1616541,645816,333846,732982,1497532,758639,707749,31144
2023:Q1,Hispanic,3171322,4333869,1978894,455488,225899,577622,331432,267060,497475,1162548,839302,298454,24792
2023:Q1,Other,13235798,15972741,5270518,776814,3504952,1287356,1338124,1247620,2547357,2736943,1967521,660255,109167
2023:Q2,White,121851044,135203916,34765803,6003362,33421428,13620513,10071968,14196050,23124792,13352872,9185836,3251671,915365
2023:Q2,Black,4940999,6453667,2233941,564854,259112,1630201,685873,342577,737109,1512668,761460,720461,30747
2023:Q2,Hispanic,3292878,4456364,2064915,460094,236822,581233,344578,275063,493659,1163486,841504,296903,25079
2023:Q2,Other,14029770,16810952,5695581,796300,3728976,1317581,1401936,1284321,2586256,2781181,1999890,672668,108623
2023:Q3,White,120559896,134030271,35128094,6007001,32102419,13461985,10025078,14195619,23110074,13470375,9268954,3264477,936944
2023:Q3,Black,4945879,6479123,2266242,567499,252130,1619801,692604,344533,736315,1533245,771319,730070,31856
2023:Q3,Hispanic,3299392,4470557,2090381,461939,229394,576674,346645,275989,489535,1171166,850277,294615,26274
2023:Q3,Other,13928016,16728592,5785064,796341,3590268,1287831,1398713,1284923,2585451,2800576,2017981,673834,108761
2023:Q4,White,124070076,137646143,34845226,6018941,34931077,13788067,10505256,13758616,23798959,13576066,9336078,3303463,936525
2023:Q4,Black,5001047,6546146,2243229,572613,269450,1655907,731693,328589,744666,1545099,772224,740883,31992
2023:Q4,Hispanic,3330898,4510679,2083410,464465,247917,592250,361602,262314,498722,1179781,857503,295937,26341
2023:Q4,Other,14333667,17164184,5734203,804420,3902584,1357014,1463930,1244316,2657718,2830518,2037420,683425,109673
2024:Q1,White,128832156,142427201,36244024,6071199,37682342,13840976,11033235,13547416,24008009,13595045,9347063,3272786,975196
2024:Q1,Black,5168235,6698706,2314191,581441,286418,1660291,785480,320627,750258,1530470,762692,733569,34209
2024:Q1,Hispanic,3489864,4672641,2178146,473147,267520,600474,383618,257336,512400,1182777,857808,296487,28482
2024:Q1,Other,15271069,18142002,6156362,827379,4262120,1386757,1558506,1241977,2708901,2870933,2068799,688529,113605
2024:Q2,White,130856000,144523635,37497700,6094597,38225003,13851439,11177628,13596691,24080577,13667635,9396266,3282199,989170
2024:Q2,Black,5265846,6807383,2385441,586654,290543,1665573,802875,322971,753326,1541538,767669,739264,34605
2024:Q2,Hispanic,3602599,4801486,2269540,480483,274016,607834,393263,261816,514534,1198887,871282,298034,29571
2024:Q2,Other,15852207,18766734,6536764,841016,4370247,1403963,1596180,1261173,2757392,2914527,2102884,697336,114307
2024:Q3,White,134881699,148622858,37278945,6124499,41314746,13895773,11625030,13663774,24720091,13741159,9450034,3301511,989614
2024:Q3,Black,5396739,6966736,2401895,598584,313434,1690588,860123,329003,773109,1569997,783281,752009,34707
2024:Q3,Hispanic,3649467,4866273,2270458,485567,294888,612966,411176,265454,525763,1216806,883175,303846,29785
2024:Q3,Other,16338842,19286468,6516292,850861,4732039,1420885,1665718,1274699,2825974,2947626,2126482,706915,114229
2024:Q4,White,134892531,148583283,36938951,6197352,41451417,13910734,11595360,13664585,24824884,13690752,9520667,3244386,925699
2024:Q4,Black,5482490,7048787,2417821,617521,318674,1715652,867893,333395,777830,1566297,792770,748409,25118
2024:Q4,Hispanic,3692029,4913161,2274937,496434,298638,619467,413842,267826,542017,1221131,891123,301759,28249
2024:Q4,Other,16278424,19200507,6429499,862496,4745808,1423851,1660965,1274231,2803656,2922083,2138863,694321,88899
